"IT107","Territorio","T_D8","Tipo dato","PRAF","Presenza affitti imputati","RDPR","Fonte principale di reddito familiare ","TIME","Seleziona periodo","Value","Flag Codes","Flags"
"IT","Italia","REDD_MEDIANO_FAM","reddito mediano annuale delle famiglie (in euro)","1","inclusi fitti imputati","9","totale","2017","2017",30352,,
"IT","Italia","REDD_MEDIANO_FAM","reddito mediano annuale delle famiglie (in euro)","1","inclusi fitti imputati","9","totale","2018","2018",30482,,
"IT","Italia","REDD_MEDIANO_FAM","reddito mediano annuale delle famiglie (in euro)","1","inclusi fitti imputati","9","totale","2019","2019",32208,,
"IT","Italia","REDD_MEDIANO_FAM","reddito mediano annuale delle famiglie (in euro)","1","inclusi fitti imputati","9","totale","2020","2020",31495,,
"IT","Italia","REDD_MEDIANO_FAM","reddito mediano annuale delle famiglie (in euro)","1","inclusi fitti imputati","9","totale","2021","2021",32168,,
"IT","Italia","REDD_MEDIO_FAM","reddito medio annuale delle famiglie (in euro)","1","inclusi fitti imputati","9","totale","2017","2017",36293,,
"IT","Italia","REDD_MEDIO_FAM","reddito medio annuale delle famiglie (in euro)","1","inclusi fitti imputati","9","totale","2018","2018",36416,,
"IT","Italia","REDD_MEDIO_FAM","reddito medio annuale delle famiglie (in euro)","1","inclusi fitti imputati","9","totale","2019","2019",38319,,
"IT","Italia","REDD_MEDIO_FAM","reddito medio annuale delle famiglie (in euro)","1","inclusi fitti imputati","9","totale","2020","2020",37786,,
"IT","Italia","REDD_MEDIO_FAM","reddito medio annuale delle famiglie (in euro)","1","inclusi fitti imputati","9","totale","2021","2021",39144,,
"ITC1","Piemonte","REDD_MEDIANO_FAM","reddito mediano annuale delle famiglie (in euro)","1","inclusi fitti imputati","9","totale","2017","2017",29999,,
"ITC1","Piemonte","REDD_MEDIANO_FAM","reddito mediano annuale delle famiglie (in euro)","1","inclusi fitti imputati","9","totale","2018","2018",31634,,
"ITC1","Piemonte","REDD_MEDIANO_FAM","reddito mediano annuale delle famiglie (in euro)","1","inclusi fitti imputati","9","totale","2019","2019",32300,,
"ITC1","Piemonte","REDD_MEDIANO_FAM","reddito mediano annuale delle famiglie (in euro)","1","inclusi fitti imputati","9","totale","2020","2020",32124,,
"ITC1","Piemonte","REDD_MEDIANO_FAM","reddito mediano annuale delle famiglie (in euro)","1","inclusi fitti imputati","9","totale","2021","2021",32144,,
"ITC1","Piemonte","REDD_MEDIO_FAM","reddito medio annuale delle famiglie (in euro)","1","inclusi fitti imputati","9","totale","2017","2017",35330,,
"ITC1","Piemonte","REDD_MEDIO_FAM","reddito medio annuale delle famiglie (in euro)","1","inclusi fitti imputati","9","totale","2018","2018",37745,,
"ITC1","Piemonte","REDD_MEDIO_FAM","reddito medio annuale delle famiglie (in euro)","1","inclusi fitti imputati","9","totale","2019","2019",39094,,
"ITC1","Piemonte","REDD_MEDIO_FAM","reddito medio annuale delle famiglie (in euro)","1","inclusi fitti imputati","9","totale","2020","2020",38628,,
"ITC1","Piemonte","REDD_MEDIO_FAM","reddito medio annuale delle famiglie (in euro)","1","inclusi fitti imputati","9","totale","2021","2021",39168,,
"ITC2","Valle d'Aosta / Vallée d'Aoste","REDD_MEDIANO_FAM","reddito mediano annuale delle famiglie (in euro)","1","inclusi fitti imputati","9","totale","2017","2017",26041,,
"ITC2","Valle d'Aosta / Vallée d'Aoste","REDD_MEDIANO_FAM","reddito mediano annuale delle famiglie (in euro)","1","inclusi fitti imputati","9","totale","2018","2018",30374,,
"ITC2","Valle d'Aosta / Vallée d'Aoste","REDD_MEDIANO_FAM","reddito mediano annuale delle famiglie (in euro)","1","inclusi fitti imputati","9","totale","2019","2019",34737,,
"ITC2","Valle d'Aosta / Vallée d'Aoste","REDD_MEDIANO_FAM","reddito mediano annuale delle famiglie (in euro)","1","inclusi fitti imputati","9","totale","2020","2020",31797,,
"ITC2","Valle d'Aosta / Vallée d'Aoste","REDD_MEDIANO_FAM","reddito mediano annuale delle famiglie (in euro)","1","inclusi fitti imputati","9","totale","2021","2021",33124,,
"ITC2","Valle d'Aosta / Vallée d'Aoste","REDD_MEDIO_FAM","reddito medio annuale delle famiglie (in euro)","1","inclusi fitti imputati","9","totale","2017","2017",34585,,
"ITC2","Valle d'Aosta / Vallée d'Aoste","REDD_MEDIO_FAM","reddito medio annuale delle famiglie (in euro)","1","inclusi fitti imputati","9","totale","2018","2018",35808,,
"ITC2","Valle d'Aosta / Vallée d'Aoste","REDD_MEDIO_FAM","reddito medio annuale delle famiglie (in euro)","1","inclusi fitti imputati","9","totale","2019","2019",39786,,
"ITC2","Valle d'Aosta / Vallée d'Aoste","REDD_MEDIO_FAM","reddito medio annuale delle famiglie (in euro)","1","inclusi fitti imputati","9","totale","2020","2020",38640,,
"ITC2","Valle d'Aosta / Vallée d'Aoste","REDD_MEDIO_FAM","reddito medio annuale delle famiglie (in euro)","1","inclusi fitti imputati","9","totale","2021","2021",41593,,
"ITC3","Liguria","REDD_MEDIANO_FAM","reddito mediano annuale delle famiglie (in euro)","1","inclusi fitti imputati","9","totale","2017","2017",30016,,
"ITC3","Liguria","REDD_MEDIANO_FAM","reddito mediano annuale delle famiglie (in euro)","1","inclusi fitti imputati","9","totale","2018","2018",30025,,
"ITC3","Liguria","REDD_MEDIANO_FAM","reddito mediano annuale delle famiglie (in euro)","1","inclusi fitti imputati","9","totale","2019","2019",32625,,
"ITC3","Liguria","REDD_MEDIANO_FAM","reddito mediano annuale delle famiglie (in euro)","1","inclusi fitti imputati","9","totale","2020","2020",32108,,
"ITC3","Liguria","REDD_MEDIANO_FAM","reddito mediano annuale delle famiglie (in euro)","1","inclusi fitti imputati","9","totale","2021","2021",31504,,
"ITC3","Liguria","REDD_MEDIO_FAM","reddito medio annuale delle famiglie (in euro)","1","inclusi fitti imputati","9","totale","2017","2017",36784,,
"ITC3","Liguria","REDD_MEDIO_FAM","reddito medio annuale delle famiglie (in euro)","1","inclusi fitti imputati","9","totale","2018","2018",36116,,
"ITC3","Liguria","REDD_MEDIO_FAM","reddito medio annuale delle famiglie (in euro)","1","inclusi fitti imputati","9","totale","2019","2019",38144,,
"ITC3","Liguria","REDD_MEDIO_FAM","reddito medio annuale delle famiglie (in euro)","1","inclusi fitti imputati","9","totale","2020","2020",37332,,
"ITC3","Liguria","REDD_MEDIO_FAM","reddito medio annuale delle famiglie (in euro)","1","inclusi fitti imputati","9","totale","2021","2021",36665,,
"ITC4","Lombardia","REDD_MEDIANO_FAM","reddito mediano annuale delle famiglie (in euro)","1","inclusi fitti imputati","9","totale","2017","2017",34487,,
"ITC4","Lombardia","REDD_MEDIANO_FAM","reddito mediano annuale delle famiglie (in euro)","1","inclusi fitti imputati","9","totale","2018","2018",34297,,
"ITC4","Lombardia","REDD_MEDIANO_FAM","reddito mediano annuale delle famiglie (in euro)","1","inclusi fitti imputati","9","totale","2019","2019",36602,,
"ITC4","Lombardia","REDD_MEDIANO_FAM","reddito mediano annuale delle famiglie (in euro)","1","inclusi fitti imputati","9","totale","2020","2020",35917,,
"ITC4","Lombardia","REDD_MEDIANO_FAM","reddito mediano annuale delle famiglie (in euro)","1","inclusi fitti imputati","9","totale","2021","2021",36317,,
"ITC4","Lombardia","REDD_MEDIO_FAM","reddito medio annuale delle famiglie (in euro)","1","inclusi fitti imputati","9","totale","2017","2017",41519,,
"ITC4","Lombardia","REDD_MEDIO_FAM","reddito medio annuale delle famiglie (in euro)","1","inclusi fitti imputati","9","totale","2018","2018",41231,,
"ITC4","Lombardia","REDD_MEDIO_FAM","reddito medio annuale delle famiglie (in euro)","1","inclusi fitti imputati","9","totale","2019","2019",43228,,
"ITC4","Lombardia","REDD_MEDIO_FAM","reddito medio annuale delle famiglie (in euro)","1","inclusi fitti imputati","9","totale","2020","2020",43126,,
"ITC4","Lombardia","REDD_MEDIO_FAM","reddito medio annuale delle famiglie (in euro)","1","inclusi fitti imputati","9","totale","2021","2021",46365,,
"ITD1","Provincia Autonoma Bolzano / Bozen","REDD_MEDIANO_FAM","reddito mediano annuale delle famiglie (in euro)","1","inclusi fitti imputati","9","totale","2017","2017",36610,,
"ITD1","Provincia Autonoma Bolzano / Bozen","REDD_MEDIANO_FAM","reddito mediano annuale delle famiglie (in euro)","1","inclusi fitti imputati","9","totale","2018","2018",37740,,
"ITD1","Provincia Autonoma Bolzano / Bozen","REDD_MEDIANO_FAM","reddito mediano annuale delle famiglie (in euro)","1","inclusi fitti imputati","9","totale","2019","2019",35202,,
"ITD1","Provincia Autonoma Bolzano / Bozen","REDD_MEDIANO_FAM","reddito mediano annuale delle famiglie (in euro)","1","inclusi fitti imputati","9","totale","2020","2020",37840,,
"ITD1","Provincia Autonoma Bolzano / Bozen","REDD_MEDIANO_FAM","reddito mediano annuale delle famiglie (in euro)","1","inclusi fitti imputati","9","totale","2021","2021",38070,,
"ITD1","Provincia Autonoma Bolzano / Bozen","REDD_MEDIO_FAM","reddito medio annuale delle famiglie (in euro)","1","inclusi fitti imputati","9","totale","2017","2017",42957,,
"ITD1","Provincia Autonoma Bolzano / Bozen","REDD_MEDIO_FAM","reddito medio annuale delle famiglie (in euro)","1","inclusi fitti imputati","9","totale","2018","2018",45953,,
"ITD1","Provincia Autonoma Bolzano / Bozen","REDD_MEDIO_FAM","reddito medio annuale delle famiglie (in euro)","1","inclusi fitti imputati","9","totale","2019","2019",45095,,
"ITD1","Provincia Autonoma Bolzano / Bozen","REDD_MEDIO_FAM","reddito medio annuale delle famiglie (in euro)","1","inclusi fitti imputati","9","totale","2020","2020",45647,,
"ITD1","Provincia Autonoma Bolzano / Bozen","REDD_MEDIO_FAM","reddito medio annuale delle famiglie (in euro)","1","inclusi fitti imputati","9","totale","2021","2021",49630,,
"ITD2","Provincia Autonoma Trento","REDD_MEDIANO_FAM","reddito mediano annuale delle famiglie (in euro)","1","inclusi fitti imputati","9","totale","2017","2017",32774,,
"ITD2","Provincia Autonoma Trento","REDD_MEDIANO_FAM","reddito mediano annuale delle famiglie (in euro)","1","inclusi fitti imputati","9","totale","2018","2018",33828,,
"ITD2","Provincia Autonoma Trento","REDD_MEDIANO_FAM","reddito mediano annuale delle famiglie (in euro)","1","inclusi fitti imputati","9","totale","2019","2019",33612,,
"ITD2","Provincia Autonoma Trento","REDD_MEDIANO_FAM","reddito mediano annuale delle famiglie (in euro)","1","inclusi fitti imputati","9","totale","2020","2020",34547,,
"ITD2","Provincia Autonoma Trento","REDD_MEDIANO_FAM","reddito mediano annuale delle famiglie (in euro)","1","inclusi fitti imputati","9","totale","2021","2021",35179,,
"ITD2","Provincia Autonoma Trento","REDD_MEDIO_FAM","reddito medio annuale delle famiglie (in euro)","1","inclusi fitti imputati","9","totale","2017","2017",40370,,
"ITD2","Provincia Autonoma Trento","REDD_MEDIO_FAM","reddito medio annuale delle famiglie (in euro)","1","inclusi fitti imputati","9","totale","2018","2018",41203,,
"ITD2","Provincia Autonoma Trento","REDD_MEDIO_FAM","reddito medio annuale delle famiglie (in euro)","1","inclusi fitti imputati","9","totale","2019","2019",40938,,
"ITD2","Provincia Autonoma Trento","REDD_MEDIO_FAM","reddito medio annuale delle famiglie (in euro)","1","inclusi fitti imputati","9","totale","2020","2020",41825,,
"ITD2","Provincia Autonoma Trento","REDD_MEDIO_FAM","reddito medio annuale delle famiglie (in euro)","1","inclusi fitti imputati","9","totale","2021","2021",43650,,
"ITD3","Veneto","REDD_MEDIANO_FAM","reddito mediano annuale delle famiglie (in euro)","1","inclusi fitti imputati","9","totale","2017","2017",36003,,
"ITD3","Veneto","REDD_MEDIANO_FAM","reddito mediano annuale delle famiglie (in euro)","1","inclusi fitti imputati","9","totale","2018","2018",35357,,
"ITD3","Veneto","REDD_MEDIANO_FAM","reddito mediano annuale delle famiglie (in euro)","1","inclusi fitti imputati","9","totale","2019","2019",36984,,
"ITD3","Veneto","REDD_MEDIANO_FAM","reddito mediano annuale delle famiglie (in euro)","1","inclusi fitti imputati","9","totale","2020","2020",34616,,
"ITD3","Veneto","REDD_MEDIANO_FAM","reddito mediano annuale delle famiglie (in euro)","1","inclusi fitti imputati","9","totale","2021","2021",35483,,
"ITD3","Veneto","REDD_MEDIO_FAM","reddito medio annuale delle famiglie (in euro)","1","inclusi fitti imputati","9","totale","2017","2017",41409,,
"ITD3","Veneto","REDD_MEDIO_FAM","reddito medio annuale delle famiglie (in euro)","1","inclusi fitti imputati","9","totale","2018","2018",41048,,
"ITD3","Veneto","REDD_MEDIO_FAM","reddito medio annuale delle famiglie (in euro)","1","inclusi fitti imputati","9","totale","2019","2019",42629,,
"ITD3","Veneto","REDD_MEDIO_FAM","reddito medio annuale delle famiglie (in euro)","1","inclusi fitti imputati","9","totale","2020","2020",41247,,
"ITD3","Veneto","REDD_MEDIO_FAM","reddito medio annuale delle famiglie (in euro)","1","inclusi fitti imputati","9","totale","2021","2021",43025,,
"ITD4","Friuli-Venezia Giulia","REDD_MEDIANO_FAM","reddito mediano annuale delle famiglie (in euro)","1","inclusi fitti imputati","9","totale","2017","2017",34283,,
"ITD4","Friuli-Venezia Giulia","REDD_MEDIANO_FAM","reddito mediano annuale delle famiglie (in euro)","1","inclusi fitti imputati","9","totale","2018","2018",33250,,
"ITD4","Friuli-Venezia Giulia","REDD_MEDIANO_FAM","reddito mediano annuale delle famiglie (in euro)","1","inclusi fitti imputati","9","totale","2019","2019",33650,,
"ITD4","Friuli-Venezia Giulia","REDD_MEDIANO_FAM","reddito mediano annuale delle famiglie (in euro)","1","inclusi fitti imputati","9","totale","2020","2020",33716,,
"ITD4","Friuli-Venezia Giulia","REDD_MEDIANO_FAM","reddito mediano annuale delle famiglie (in euro)","1","inclusi fitti imputati","9","totale","2021","2021",34780,,
"ITD4","Friuli-Venezia Giulia","REDD_MEDIO_FAM","reddito medio annuale delle famiglie (in euro)","1","inclusi fitti imputati","9","totale","2017","2017",39307,,
"ITD4","Friuli-Venezia Giulia","REDD_MEDIO_FAM","reddito medio annuale delle famiglie (in euro)","1","inclusi fitti imputati","9","totale","2018","2018",38128,,
"ITD4","Friuli-Venezia Giulia","REDD_MEDIO_FAM","reddito medio annuale delle famiglie (in euro)","1","inclusi fitti imputati","9","totale","2019","2019",38321,,
"ITD4","Friuli-Venezia Giulia","REDD_MEDIO_FAM","reddito medio annuale delle famiglie (in euro)","1","inclusi fitti imputati","9","totale","2020","2020",39267,,
"ITD4","Friuli-Venezia Giulia","REDD_MEDIO_FAM","reddito medio annuale delle famiglie (in euro)","1","inclusi fitti imputati","9","totale","2021","2021",40832,,
"ITD5","Emilia-Romagna","REDD_MEDIANO_FAM","reddito mediano annuale delle famiglie (in euro)","1","inclusi fitti imputati","9","totale","2017","2017",35861,,
"ITD5","Emilia-Romagna","REDD_MEDIANO_FAM","reddito mediano annuale delle famiglie (in euro)","1","inclusi fitti imputati","9","totale","2018","2018",34484,,
"ITD5","Emilia-Romagna","REDD_MEDIANO_FAM","reddito mediano annuale delle famiglie (in euro)","1","inclusi fitti imputati","9","totale","2019","2019",39657,,
"ITD5","Emilia-Romagna","REDD_MEDIANO_FAM","reddito mediano annuale delle famiglie (in euro)","1","inclusi fitti imputati","9","totale","2020","2020",37903,,
"ITD5","Emilia-Romagna","REDD_MEDIANO_FAM","reddito mediano annuale delle famiglie (in euro)","1","inclusi fitti imputati","9","totale","2021","2021",39099,,
"ITD5","Emilia-Romagna","REDD_MEDIO_FAM","reddito medio annuale delle famiglie (in euro)","1","inclusi fitti imputati","9","totale","2017","2017",40957,,
"ITD5","Emilia-Romagna","REDD_MEDIO_FAM","reddito medio annuale delle famiglie (in euro)","1","inclusi fitti imputati","9","totale","2018","2018",39536,,
"ITD5","Emilia-Romagna","REDD_MEDIO_FAM","reddito medio annuale delle famiglie (in euro)","1","inclusi fitti imputati","9","totale","2019","2019",44435,,
"ITD5","Emilia-Romagna","REDD_MEDIO_FAM","reddito medio annuale delle famiglie (in euro)","1","inclusi fitti imputati","9","totale","2020","2020",43388,,
"ITD5","Emilia-Romagna","REDD_MEDIO_FAM","reddito medio annuale delle famiglie (in euro)","1","inclusi fitti imputati","9","totale","2021","2021",46150,,
"ITE","Centro","REDD_MEDIANO_FAM","reddito mediano annuale delle famiglie (in euro)","1","inclusi fitti imputati","9","totale","2017","2017",31622,,
"ITE","Centro","REDD_MEDIANO_FAM","reddito mediano annuale delle famiglie (in euro)","1","inclusi fitti imputati","9","totale","2018","2018",32380,,
"ITE","Centro","REDD_MEDIANO_FAM","reddito mediano annuale delle famiglie (in euro)","1","inclusi fitti imputati","9","totale","2019","2019",34845,,
"ITE","Centro","REDD_MEDIANO_FAM","reddito mediano annuale delle famiglie (in euro)","1","inclusi fitti imputati","9","totale","2020","2020",34479,,
"ITE","Centro","REDD_MEDIANO_FAM","reddito mediano annuale delle famiglie (in euro)","1","inclusi fitti imputati","9","totale","2021","2021",34777,,
"ITE","Centro","REDD_MEDIO_FAM","reddito medio annuale delle famiglie (in euro)","1","inclusi fitti imputati","9","totale","2017","2017",38362,,
"ITE","Centro","REDD_MEDIO_FAM","reddito medio annuale delle famiglie (in euro)","1","inclusi fitti imputati","9","totale","2018","2018",38227,,
"ITE","Centro","REDD_MEDIO_FAM","reddito medio annuale delle famiglie (in euro)","1","inclusi fitti imputati","9","totale","2019","2019",40688,,
"ITE","Centro","REDD_MEDIO_FAM","reddito medio annuale delle famiglie (in euro)","1","inclusi fitti imputati","9","totale","2020","2020",39621,,
"ITE","Centro","REDD_MEDIO_FAM","reddito medio annuale delle famiglie (in euro)","1","inclusi fitti imputati","9","totale","2021","2021",40500,,
"ITE1","Toscana","REDD_MEDIANO_FAM","reddito mediano annuale delle famiglie (in euro)","1","inclusi fitti imputati","9","totale","2017","2017",32749,,
"ITE1","Toscana","REDD_MEDIANO_FAM","reddito mediano annuale delle famiglie (in euro)","1","inclusi fitti imputati","9","totale","2018","2018",32892,,
"ITE1","Toscana","REDD_MEDIANO_FAM","reddito mediano annuale delle famiglie (in euro)","1","inclusi fitti imputati","9","totale","2019","2019",36719,,
"ITE1","Toscana","REDD_MEDIANO_FAM","reddito mediano annuale delle famiglie (in euro)","1","inclusi fitti imputati","9","totale","2020","2020",36243,,
"ITE1","Toscana","REDD_MEDIANO_FAM","reddito mediano annuale delle famiglie (in euro)","1","inclusi fitti imputati","9","totale","2021","2021",37364,,
"ITE1","Toscana","REDD_MEDIO_FAM","reddito medio annuale delle famiglie (in euro)","1","inclusi fitti imputati","9","totale","2017","2017",39391,,
"ITE1","Toscana","REDD_MEDIO_FAM","reddito medio annuale delle famiglie (in euro)","1","inclusi fitti imputati","9","totale","2018","2018",39133,,
"ITE1","Toscana","REDD_MEDIO_FAM","reddito medio annuale delle famiglie (in euro)","1","inclusi fitti imputati","9","totale","2019","2019",42332,,
"ITE1","Toscana","REDD_MEDIO_FAM","reddito medio annuale delle famiglie (in euro)","1","inclusi fitti imputati","9","totale","2020","2020",41136,,
"ITE1","Toscana","REDD_MEDIO_FAM","reddito medio annuale delle famiglie (in euro)","1","inclusi fitti imputati","9","totale","2021","2021",42660,,
"ITE2","Umbria","REDD_MEDIANO_FAM","reddito mediano annuale delle famiglie (in euro)","1","inclusi fitti imputati","9","totale","2017","2017",31833,,
"ITE2","Umbria","REDD_MEDIANO_FAM","reddito mediano annuale delle famiglie (in euro)","1","inclusi fitti imputati","9","totale","2018","2018",32420,,
"ITE2","Umbria","REDD_MEDIANO_FAM","reddito mediano annuale delle famiglie (in euro)","1","inclusi fitti imputati","9","totale","2019","2019",34245,,
"ITE2","Umbria","REDD_MEDIANO_FAM","reddito mediano annuale delle famiglie (in euro)","1","inclusi fitti imputati","9","totale","2020","2020",34433,,
"ITE2","Umbria","REDD_MEDIANO_FAM","reddito mediano annuale delle famiglie (in euro)","1","inclusi fitti imputati","9","totale","2021","2021",35825,,
"ITE2","Umbria","REDD_MEDIO_FAM","reddito medio annuale delle famiglie (in euro)","1","inclusi fitti imputati","9","totale","2017","2017",38721,,
"ITE2","Umbria","REDD_MEDIO_FAM","reddito medio annuale delle famiglie (in euro)","1","inclusi fitti imputati","9","totale","2018","2018",37977,,
"ITE2","Umbria","REDD_MEDIO_FAM","reddito medio annuale delle famiglie (in euro)","1","inclusi fitti imputati","9","totale","2019","2019",39726,,
"ITE2","Umbria","REDD_MEDIO_FAM","reddito medio annuale delle famiglie (in euro)","1","inclusi fitti imputati","9","totale","2020","2020",38987,,
"ITE2","Umbria","REDD_MEDIO_FAM","reddito medio annuale delle famiglie (in euro)","1","inclusi fitti imputati","9","totale","2021","2021",43167,,
"ITE3","Marche","REDD_MEDIANO_FAM","reddito mediano annuale delle famiglie (in euro)","1","inclusi fitti imputati","9","totale","2017","2017",31766,,
"ITE3","Marche","REDD_MEDIANO_FAM","reddito mediano annuale delle famiglie (in euro)","1","inclusi fitti imputati","9","totale","2018","2018",31907,,
"ITE3","Marche","REDD_MEDIANO_FAM","reddito mediano annuale delle famiglie (in euro)","1","inclusi fitti imputati","9","totale","2019","2019",36766,,
"ITE3","Marche","REDD_MEDIANO_FAM","reddito mediano annuale delle famiglie (in euro)","1","inclusi fitti imputati","9","totale","2020","2020",35541,,
"ITE3","Marche","REDD_MEDIANO_FAM","reddito mediano annuale delle famiglie (in euro)","1","inclusi fitti imputati","9","totale","2021","2021",34917,,
"ITE3","Marche","REDD_MEDIO_FAM","reddito medio annuale delle famiglie (in euro)","1","inclusi fitti imputati","9","totale","2017","2017",37801,,
"ITE3","Marche","REDD_MEDIO_FAM","reddito medio annuale delle famiglie (in euro)","1","inclusi fitti imputati","9","totale","2018","2018",37794,,
"ITE3","Marche","REDD_MEDIO_FAM","reddito medio annuale delle famiglie (in euro)","1","inclusi fitti imputati","9","totale","2019","2019",41162,,
"ITE3","Marche","REDD_MEDIO_FAM","reddito medio annuale delle famiglie (in euro)","1","inclusi fitti imputati","9","totale","2020","2020",40062,,
"ITE3","Marche","REDD_MEDIO_FAM","reddito medio annuale delle famiglie (in euro)","1","inclusi fitti imputati","9","totale","2021","2021",39186,,
"ITE4","Lazio","REDD_MEDIANO_FAM","reddito mediano annuale delle famiglie (in euro)","1","inclusi fitti imputati","9","totale","2017","2017",30853,,
"ITE4","Lazio","REDD_MEDIANO_FAM","reddito mediano annuale delle famiglie (in euro)","1","inclusi fitti imputati","9","totale","2018","2018",32244,,
"ITE4","Lazio","REDD_MEDIANO_FAM","reddito mediano annuale delle famiglie (in euro)","1","inclusi fitti imputati","9","totale","2019","2019",33713,,
"ITE4","Lazio","REDD_MEDIANO_FAM","reddito mediano annuale delle famiglie (in euro)","1","inclusi fitti imputati","9","totale","2020","2020",33171,,
"ITE4","Lazio","REDD_MEDIANO_FAM","reddito mediano annuale delle famiglie (in euro)","1","inclusi fitti imputati","9","totale","2021","2021",32565,,
"ITE4","Lazio","REDD_MEDIO_FAM","reddito medio annuale delle famiglie (in euro)","1","inclusi fitti imputati","9","totale","2017","2017",37805,,
"ITE4","Lazio","REDD_MEDIO_FAM","reddito medio annuale delle famiglie (in euro)","1","inclusi fitti imputati","9","totale","2018","2018",37803,,
"ITE4","Lazio","REDD_MEDIO_FAM","reddito medio annuale delle famiglie (in euro)","1","inclusi fitti imputati","9","totale","2019","2019",39671,,
"ITE4","Lazio","REDD_MEDIO_FAM","reddito medio annuale delle famiglie (in euro)","1","inclusi fitti imputati","9","totale","2020","2020",38646,,
"ITE4","Lazio","REDD_MEDIO_FAM","reddito medio annuale delle famiglie (in euro)","1","inclusi fitti imputati","9","totale","2021","2021",39062,,
"ITF","Sud","REDD_MEDIANO_FAM","reddito mediano annuale delle famiglie (in euro)","1","inclusi fitti imputati","9","totale","2017","2017",26317,,
"ITF","Sud","REDD_MEDIANO_FAM","reddito mediano annuale delle famiglie (in euro)","1","inclusi fitti imputati","9","totale","2018","2018",25724,,
"ITF","Sud","REDD_MEDIANO_FAM","reddito mediano annuale delle famiglie (in euro)","1","inclusi fitti imputati","9","totale","2019","2019",26527,,
"ITF","Sud","REDD_MEDIANO_FAM","reddito mediano annuale delle famiglie (in euro)","1","inclusi fitti imputati","9","totale","2020","2020",25823,,
"ITF","Sud","REDD_MEDIANO_FAM","reddito mediano annuale delle famiglie (in euro)","1","inclusi fitti imputati","9","totale","2021","2021",26497,,
"ITF","Sud","REDD_MEDIO_FAM","reddito medio annuale delle famiglie (in euro)","1","inclusi fitti imputati","9","totale","2017","2017",29999,,
"ITF","Sud","REDD_MEDIO_FAM","reddito medio annuale delle famiglie (in euro)","1","inclusi fitti imputati","9","totale","2018","2018",30203,,
"ITF","Sud","REDD_MEDIO_FAM","reddito medio annuale delle famiglie (in euro)","1","inclusi fitti imputati","9","totale","2019","2019",31445,,
"ITF","Sud","REDD_MEDIO_FAM","reddito medio annuale delle famiglie (in euro)","1","inclusi fitti imputati","9","totale","2020","2020",30788,,
"ITF","Sud","REDD_MEDIO_FAM","reddito medio annuale delle famiglie (in euro)","1","inclusi fitti imputati","9","totale","2021","2021",31480,,
"ITF1","Abruzzo","REDD_MEDIANO_FAM","reddito mediano annuale delle famiglie (in euro)","1","inclusi fitti imputati","9","totale","2017","2017",29759,,
"ITF1","Abruzzo","REDD_MEDIANO_FAM","reddito mediano annuale delle famiglie (in euro)","1","inclusi fitti imputati","9","totale","2018","2018",31630,,
"ITF1","Abruzzo","REDD_MEDIANO_FAM","reddito mediano annuale delle famiglie (in euro)","1","inclusi fitti imputati","9","totale","2019","2019",29815,,
"ITF1","Abruzzo","REDD_MEDIANO_FAM","reddito mediano annuale delle famiglie (in euro)","1","inclusi fitti imputati","9","totale","2020","2020",25847,,
"ITF1","Abruzzo","REDD_MEDIANO_FAM","reddito mediano annuale delle famiglie (in euro)","1","inclusi fitti imputati","9","totale","2021","2021",28154,,
"ITF1","Abruzzo","REDD_MEDIO_FAM","reddito medio annuale delle famiglie (in euro)","1","inclusi fitti imputati","9","totale","2017","2017",32071,,
"ITF1","Abruzzo","REDD_MEDIO_FAM","reddito medio annuale delle famiglie (in euro)","1","inclusi fitti imputati","9","totale","2018","2018",33966,,
"ITF1","Abruzzo","REDD_MEDIO_FAM","reddito medio annuale delle famiglie (in euro)","1","inclusi fitti imputati","9","totale","2019","2019",34484,,
"ITF1","Abruzzo","REDD_MEDIO_FAM","reddito medio annuale delle famiglie (in euro)","1","inclusi fitti imputati","9","totale","2020","2020",29052,,
"ITF1","Abruzzo","REDD_MEDIO_FAM","reddito medio annuale delle famiglie (in euro)","1","inclusi fitti imputati","9","totale","2021","2021",33602,,
"ITF2","Molise","REDD_MEDIANO_FAM","reddito mediano annuale delle famiglie (in euro)","1","inclusi fitti imputati","9","totale","2017","2017",28750,,
"ITF2","Molise","REDD_MEDIANO_FAM","reddito mediano annuale delle famiglie (in euro)","1","inclusi fitti imputati","9","totale","2018","2018",23605,,
"ITF2","Molise","REDD_MEDIANO_FAM","reddito mediano annuale delle famiglie (in euro)","1","inclusi fitti imputati","9","totale","2019","2019",26452,,
"ITF2","Molise","REDD_MEDIANO_FAM","reddito mediano annuale delle famiglie (in euro)","1","inclusi fitti imputati","9","totale","2020","2020",25641,,
"ITF2","Molise","REDD_MEDIANO_FAM","reddito mediano annuale delle famiglie (in euro)","1","inclusi fitti imputati","9","totale","2021","2021",29162,,
"ITF2","Molise","REDD_MEDIO_FAM","reddito medio annuale delle famiglie (in euro)","1","inclusi fitti imputati","9","totale","2017","2017",32311,,
"ITF2","Molise","REDD_MEDIO_FAM","reddito medio annuale delle famiglie (in euro)","1","inclusi fitti imputati","9","totale","2018","2018",27676,,
"ITF2","Molise","REDD_MEDIO_FAM","reddito medio annuale delle famiglie (in euro)","1","inclusi fitti imputati","9","totale","2019","2019",30550,,
"ITF2","Molise","REDD_MEDIO_FAM","reddito medio annuale delle famiglie (in euro)","1","inclusi fitti imputati","9","totale","2020","2020",29985,,
"ITF2","Molise","REDD_MEDIO_FAM","reddito medio annuale delle famiglie (in euro)","1","inclusi fitti imputati","9","totale","2021","2021",31098,,
"ITF3","Campania","REDD_MEDIANO_FAM","reddito mediano annuale delle famiglie (in euro)","1","inclusi fitti imputati","9","totale","2017","2017",24256,,
"ITF3","Campania","REDD_MEDIANO_FAM","reddito mediano annuale delle famiglie (in euro)","1","inclusi fitti imputati","9","totale","2018","2018",24420,,
"ITF3","Campania","REDD_MEDIANO_FAM","reddito mediano annuale delle famiglie (in euro)","1","inclusi fitti imputati","9","totale","2019","2019",24968,,
"ITF3","Campania","REDD_MEDIANO_FAM","reddito mediano annuale delle famiglie (in euro)","1","inclusi fitti imputati","9","totale","2020","2020",24681,,
"ITF3","Campania","REDD_MEDIANO_FAM","reddito mediano annuale delle famiglie (in euro)","1","inclusi fitti imputati","9","totale","2021","2021",25028,,
"ITF3","Campania","REDD_MEDIO_FAM","reddito medio annuale delle famiglie (in euro)","1","inclusi fitti imputati","9","totale","2017","2017",28277,,
"ITF3","Campania","REDD_MEDIO_FAM","reddito medio annuale delle famiglie (in euro)","1","inclusi fitti imputati","9","totale","2018","2018",29535,,
"ITF3","Campania","REDD_MEDIO_FAM","reddito medio annuale delle famiglie (in euro)","1","inclusi fitti imputati","9","totale","2019","2019",31047,,
"ITF3","Campania","REDD_MEDIO_FAM","reddito medio annuale delle famiglie (in euro)","1","inclusi fitti imputati","9","totale","2020","2020",30202,,
"ITF3","Campania","REDD_MEDIO_FAM","reddito medio annuale delle famiglie (in euro)","1","inclusi fitti imputati","9","totale","2021","2021",30427,,
"ITF4","Puglia","REDD_MEDIANO_FAM","reddito mediano annuale delle famiglie (in euro)","1","inclusi fitti imputati","9","totale","2017","2017",27934,,
"ITF4","Puglia","REDD_MEDIANO_FAM","reddito mediano annuale delle famiglie (in euro)","1","inclusi fitti imputati","9","totale","2018","2018",26887,,
"ITF4","Puglia","REDD_MEDIANO_FAM","reddito mediano annuale delle famiglie (in euro)","1","inclusi fitti imputati","9","totale","2019","2019",27818,,
"ITF4","Puglia","REDD_MEDIANO_FAM","reddito mediano annuale delle famiglie (in euro)","1","inclusi fitti imputati","9","totale","2020","2020",26554,,
"ITF4","Puglia","REDD_MEDIANO_FAM","reddito mediano annuale delle famiglie (in euro)","1","inclusi fitti imputati","9","totale","2021","2021",28906,,
"ITF4","Puglia","REDD_MEDIO_FAM","reddito medio annuale delle famiglie (in euro)","1","inclusi fitti imputati","9","totale","2017","2017",31786,,
"ITF4","Puglia","REDD_MEDIO_FAM","reddito medio annuale delle famiglie (in euro)","1","inclusi fitti imputati","9","totale","2018","2018",30537,,
"ITF4","Puglia","REDD_MEDIO_FAM","reddito medio annuale delle famiglie (in euro)","1","inclusi fitti imputati","9","totale","2019","2019",31957,,
"ITF4","Puglia","REDD_MEDIO_FAM","reddito medio annuale delle famiglie (in euro)","1","inclusi fitti imputati","9","totale","2020","2020",31156,,
"ITF4","Puglia","REDD_MEDIO_FAM","reddito medio annuale delle famiglie (in euro)","1","inclusi fitti imputati","9","totale","2021","2021",32421,,
"ITF5","Basilicata","REDD_MEDIANO_FAM","reddito mediano annuale delle famiglie (in euro)","1","inclusi fitti imputati","9","totale","2017","2017",24136,,
"ITF5","Basilicata","REDD_MEDIANO_FAM","reddito mediano annuale delle famiglie (in euro)","1","inclusi fitti imputati","9","totale","2018","2018",24700,,
"ITF5","Basilicata","REDD_MEDIANO_FAM","reddito mediano annuale delle famiglie (in euro)","1","inclusi fitti imputati","9","totale","2019","2019",25501,,
"ITF5","Basilicata","REDD_MEDIANO_FAM","reddito mediano annuale delle famiglie (in euro)","1","inclusi fitti imputati","9","totale","2020","2020",27157,,
"ITF5","Basilicata","REDD_MEDIANO_FAM","reddito mediano annuale delle famiglie (in euro)","1","inclusi fitti imputati","9","totale","2021","2021",26404,,
"ITF5","Basilicata","REDD_MEDIO_FAM","reddito medio annuale delle famiglie (in euro)","1","inclusi fitti imputati","9","totale","2017","2017",28911,,
"ITF5","Basilicata","REDD_MEDIO_FAM","reddito medio annuale delle famiglie (in euro)","1","inclusi fitti imputati","9","totale","2018","2018",29638,,
"ITF5","Basilicata","REDD_MEDIO_FAM","reddito medio annuale delle famiglie (in euro)","1","inclusi fitti imputati","9","totale","2019","2019",28735,,
"ITF5","Basilicata","REDD_MEDIO_FAM","reddito medio annuale delle famiglie (in euro)","1","inclusi fitti imputati","9","totale","2020","2020",31531,,
"ITF5","Basilicata","REDD_MEDIO_FAM","reddito medio annuale delle famiglie (in euro)","1","inclusi fitti imputati","9","totale","2021","2021",32705,,
"ITF6","Calabria","REDD_MEDIANO_FAM","reddito mediano annuale delle famiglie (in euro)","1","inclusi fitti imputati","9","totale","2017","2017",25028,,
"ITF6","Calabria","REDD_MEDIANO_FAM","reddito mediano annuale delle famiglie (in euro)","1","inclusi fitti imputati","9","totale","2018","2018",24476,,
"ITF6","Calabria","REDD_MEDIANO_FAM","reddito mediano annuale delle famiglie (in euro)","1","inclusi fitti imputati","9","totale","2019","2019",25059,,
"ITF6","Calabria","REDD_MEDIANO_FAM","reddito mediano annuale delle famiglie (in euro)","1","inclusi fitti imputati","9","totale","2020","2020",26722,,
"ITF6","Calabria","REDD_MEDIANO_FAM","reddito mediano annuale delle famiglie (in euro)","1","inclusi fitti imputati","9","totale","2021","2021",25985,,
"ITF6","Calabria","REDD_MEDIO_FAM","reddito medio annuale delle famiglie (in euro)","1","inclusi fitti imputati","9","totale","2017","2017",29625,,
"ITF6","Calabria","REDD_MEDIO_FAM","reddito medio annuale delle famiglie (in euro)","1","inclusi fitti imputati","9","totale","2018","2018",29307,,
"ITF6","Calabria","REDD_MEDIO_FAM","reddito medio annuale delle famiglie (in euro)","1","inclusi fitti imputati","9","totale","2019","2019",30342,,
"ITF6","Calabria","REDD_MEDIO_FAM","reddito medio annuale delle famiglie (in euro)","1","inclusi fitti imputati","9","totale","2020","2020",32760,,
"ITF6","Calabria","REDD_MEDIO_FAM","reddito medio annuale delle famiglie (in euro)","1","inclusi fitti imputati","9","totale","2021","2021",30691,,
"ITG1","Sicilia","REDD_MEDIANO_FAM","reddito mediano annuale delle famiglie (in euro)","1","inclusi fitti imputati","9","totale","2017","2017",23474,,
"ITG1","Sicilia","REDD_MEDIANO_FAM","reddito mediano annuale delle famiglie (in euro)","1","inclusi fitti imputati","9","totale","2018","2018",24212,,
"ITG1","Sicilia","REDD_MEDIANO_FAM","reddito mediano annuale delle famiglie (in euro)","1","inclusi fitti imputati","9","totale","2019","2019",24415,,
"ITG1","Sicilia","REDD_MEDIANO_FAM","reddito mediano annuale delle famiglie (in euro)","1","inclusi fitti imputati","9","totale","2020","2020",25123,,
"ITG1","Sicilia","REDD_MEDIANO_FAM","reddito mediano annuale delle famiglie (in euro)","1","inclusi fitti imputati","9","totale","2021","2021",26552,,
"ITG1","Sicilia","REDD_MEDIO_FAM","reddito medio annuale delle famiglie (in euro)","1","inclusi fitti imputati","9","totale","2017","2017",26899,,
"ITG1","Sicilia","REDD_MEDIO_FAM","reddito medio annuale delle famiglie (in euro)","1","inclusi fitti imputati","9","totale","2018","2018",28282,,
"ITG1","Sicilia","REDD_MEDIO_FAM","reddito medio annuale delle famiglie (in euro)","1","inclusi fitti imputati","9","totale","2019","2019",29320,,
"ITG1","Sicilia","REDD_MEDIO_FAM","reddito medio annuale delle famiglie (in euro)","1","inclusi fitti imputati","9","totale","2020","2020",30260,,
"ITG1","Sicilia","REDD_MEDIO_FAM","reddito medio annuale delle famiglie (in euro)","1","inclusi fitti imputati","9","totale","2021","2021",31117,,
"ITG2","Sardegna","REDD_MEDIANO_FAM","reddito mediano annuale delle famiglie (in euro)","1","inclusi fitti imputati","9","totale","2017","2017",27797,,
"ITG2","Sardegna","REDD_MEDIANO_FAM","reddito mediano annuale delle famiglie (in euro)","1","inclusi fitti imputati","9","totale","2018","2018",27727,,
"ITG2","Sardegna","REDD_MEDIANO_FAM","reddito mediano annuale delle famiglie (in euro)","1","inclusi fitti imputati","9","totale","2019","2019",28472,,
"ITG2","Sardegna","REDD_MEDIANO_FAM","reddito mediano annuale delle famiglie (in euro)","1","inclusi fitti imputati","9","totale","2020","2020",28089,,
"ITG2","Sardegna","REDD_MEDIANO_FAM","reddito mediano annuale delle famiglie (in euro)","1","inclusi fitti imputati","9","totale","2021","2021",28777,,
"ITG2","Sardegna","REDD_MEDIO_FAM","reddito medio annuale delle famiglie (in euro)","1","inclusi fitti imputati","9","totale","2017","2017",31811,,
"ITG2","Sardegna","REDD_MEDIO_FAM","reddito medio annuale delle famiglie (in euro)","1","inclusi fitti imputati","9","totale","2018","2018",31789,,
"ITG2","Sardegna","REDD_MEDIO_FAM","reddito medio annuale delle famiglie (in euro)","1","inclusi fitti imputati","9","totale","2019","2019",33300,,
"ITG2","Sardegna","REDD_MEDIO_FAM","reddito medio annuale delle famiglie (in euro)","1","inclusi fitti imputati","9","totale","2020","2020",32730,,
"ITG2","Sardegna","REDD_MEDIO_FAM","reddito medio annuale delle famiglie (in euro)","1","inclusi fitti imputati","9","totale","2021","2021",31162,,
